{
    "household_migration_rate_per_year": 0.06865104510078264,
    "individual_migration_rate_per_year": {
        "gq_person": 0.010854666688840622,
        "new_household": 0.01978582439294686,
        "non_reference_person": 0.02348931693394372
    }
}