{
    "gq_person_immigration_events_per_10k_starting_pop": 3.8412366546055314,
    "household_immigration_events_per_10k_starting_pop": 14.33325138339929,
    "non_reference_person_immigration_events_per_10k_starting_pop": 22.869203547844723
}